timestamp,decision,score,expected_return,bullish_prob,bearish_prob,path_consistency,trend,rejected_reason
2024-01-02 09:20:00+00:00,NO_TRADE,-3,-0.0006848833201347881,0.35,0.65,0.0,bullish,signal=NO_TRADE
2024-01-02 10:20:00+00:00,NO_TRADE,-1,-2.134940517840578e-05,0.5,0.5,0.0,bullish,signal=NO_TRADE
2024-01-02 11:20:00+00:00,NO_TRADE,3,0.0004903787906286427,0.65,0.35,0.0,bearish,signal=NO_TRADE
2024-01-02 12:20:00+00:00,NO_TRADE,-1,4.6516363657828073e-05,0.4,0.6,0.0,bearish,signal=NO_TRADE
2024-01-02 13:20:00+00:00,NO_TRADE,-4,-0.0009561934172943876,0.3,0.7,0.0,bearish,signal=NO_TRADE
2024-01-02 14:20:00+00:00,NO_TRADE,3,0.00027421842212877465,0.6,0.4,0.0,bearish,signal=NO_TRADE
2024-01-02 15:20:00+00:00,NO_TRADE,-1,0.00013049807426628312,0.4,0.6,0.0,bearish,signal=NO_TRADE
2024-01-02 16:20:00+00:00,NO_TRADE,3,0.0008945685260053293,0.6,0.4,0.0,bearish,signal=NO_TRADE
2024-01-02 17:20:00+00:00,NO_TRADE,6,0.0021776854646067103,0.75,0.25,0.0,bullish,signal=NO_TRADE
2024-01-02 18:20:00+00:00,NO_TRADE,2,0.0010353837894658436,0.55,0.45,0.0,bullish,signal=NO_TRADE
2024-01-02 19:20:00+00:00,NO_TRADE,3,0.0012063626106643467,0.6,0.4,0.0,bearish,signal=NO_TRADE
2024-01-02 20:20:00+00:00,NO_TRADE,3,0.0005580371977442877,0.65,0.35,0.0,bearish,signal=NO_TRADE
2024-01-02 21:20:00+00:00,NO_TRADE,1,0.0008115504091822823,0.55,0.45,0.0,bearish,signal=NO_TRADE
2024-01-02 22:20:00+00:00,NO_TRADE,3,0.0010999882565660146,0.7,0.3,0.0,bearish,signal=NO_TRADE
2024-01-02 23:20:00+00:00,NO_TRADE,-4,-0.0007453251888572987,0.35,0.65,0.0,bearish,signal=NO_TRADE
2024-01-03 00:20:00+00:00,NO_TRADE,5,0.002192914264504825,0.75,0.25,0.0,bearish,signal=NO_TRADE
2024-01-03 01:20:00+00:00,NO_TRADE,-6,-0.0018527636007228455,0.05,0.95,0.0,bearish,signal=NO_TRADE
2024-01-03 02:20:00+00:00,NO_TRADE,1,0.001172784725326187,0.5,0.5,0.0,bearish,signal=NO_TRADE
2024-01-03 03:20:00+00:00,NO_TRADE,-4,-1.1925170601173596e-05,0.3,0.7,0.0,bearish,signal=NO_TRADE
2024-01-03 04:20:00+00:00,NO_TRADE,-4,-0.0007819925509500337,0.4,0.6,0.0,bearish,signal=NO_TRADE
2024-01-03 05:20:00+00:00,NO_TRADE,-4,-0.00023185464801767642,0.35,0.65,0.0,bearish,signal=NO_TRADE
2024-01-03 06:20:00+00:00,NO_TRADE,-6,-0.0020164049115709848,0.25,0.75,0.0,bearish,signal=NO_TRADE
2024-01-03 07:20:00+00:00,NO_TRADE,-2,-0.0002053890808648151,0.5,0.5,0.0,bearish,signal=NO_TRADE
2024-01-03 08:20:00+00:00,NO_TRADE,-2,-0.0009199401900305493,0.45,0.55,0.0,bearish,signal=NO_TRADE
2024-01-03 09:20:00+00:00,NO_TRADE,1,0.0010161594574608413,0.5,0.5,0.0,bearish,signal=NO_TRADE
2024-01-03 10:20:00+00:00,SHORT,-6,-0.0017826836203837127,0.4,0.6,0.0,bearish,
2024-01-03 12:20:00+00:00,NO_TRADE,3,0.0011280941767482123,0.65,0.35,0.0,bearish,signal=NO_TRADE
2024-01-03 13:20:00+00:00,NO_TRADE,-2,-0.0003637555561180839,0.5,0.5,0.0,bearish,signal=NO_TRADE
2024-01-03 14:20:00+00:00,NO_TRADE,-4,-0.0003962691098785165,0.35,0.65,0.0,bearish,signal=NO_TRADE
2024-01-03 15:20:00+00:00,NO_TRADE,1,0.00011661397201073731,0.45,0.55,0.0,bearish,signal=NO_TRADE
2024-01-03 16:20:00+00:00,NO_TRADE,-2,-0.0004213425437837426,0.5,0.5,0.0,bearish,signal=NO_TRADE
2024-01-03 17:20:00+00:00,NO_TRADE,-1,-0.0002696707956465594,0.45,0.55,0.0,bullish,signal=NO_TRADE
2024-01-03 18:20:00+00:00,NO_TRADE,-1,-0.0005595173036196221,0.45,0.55,0.0,bullish,signal=NO_TRADE
2024-01-03 19:20:00+00:00,NO_TRADE,-1,-0.00027166616686998826,0.5,0.5,0.0,bullish,signal=NO_TRADE
2024-01-03 20:20:00+00:00,NO_TRADE,-1,-9.591901450156647e-06,0.5,0.5,0.0,bullish,signal=NO_TRADE
2024-01-03 21:20:00+00:00,NO_TRADE,1,-4.257123385328354e-05,0.6,0.4,0.0,bullish,signal=NO_TRADE
2024-01-03 22:20:00+00:00,NO_TRADE,-2,-0.0003241447023875632,0.45,0.55,0.0,bearish,signal=NO_TRADE
2024-01-03 23:20:00+00:00,NO_TRADE,2,0.0004269322539928844,0.55,0.45,0.0,bullish,signal=NO_TRADE
2024-01-04 00:20:00+00:00,NO_TRADE,-1,-0.00023740984704125333,0.5,0.5,0.0,bullish,signal=NO_TRADE
2024-01-04 01:20:00+00:00,NO_TRADE,-1,-0.00017926960576765129,0.45,0.55,0.0,bullish,signal=NO_TRADE
2024-01-04 02:20:00+00:00,NO_TRADE,-2,-0.0003107786754778741,0.45,0.55,0.0,bearish,signal=NO_TRADE
2024-01-04 03:20:00+00:00,NO_TRADE,1,1.8724648856643934e-05,0.45,0.55,0.0,bearish,signal=NO_TRADE
2024-01-04 04:20:00+00:00,NO_TRADE,-2,-0.0006037502452366395,0.5,0.5,0.0,bearish,signal=NO_TRADE
2024-01-04 05:20:00+00:00,NO_TRADE,1,0.0003578887279066634,0.55,0.45,0.0,bearish,signal=NO_TRADE
2024-01-04 06:20:00+00:00,NO_TRADE,-2,-0.0005908680650471787,0.5,0.5,0.0,bearish,signal=NO_TRADE
2024-01-04 07:20:00+00:00,NO_TRADE,-1,-2.1283004981309527e-05,0.55,0.45,0.0,bullish,signal=NO_TRADE
2024-01-04 08:20:00+00:00,NO_TRADE,-1,-0.00014086193683026104,0.45,0.55,0.0,bullish,signal=NO_TRADE
2024-01-04 09:20:00+00:00,NO_TRADE,-3,-0.0014422595656877312,0.25,0.75,0.0,bullish,signal=NO_TRADE
2024-01-04 10:20:00+00:00,NO_TRADE,2,0.00016361823389279273,0.55,0.45,0.0,bullish,signal=NO_TRADE
2024-01-04 11:20:00+00:00,NO_TRADE,-1,-0.0012004385800100104,0.45,0.55,0.0,bullish,signal=NO_TRADE
2024-01-04 12:20:00+00:00,NO_TRADE,4,0.0003055465778206201,0.6,0.4,0.0,bullish,signal=NO_TRADE
2024-01-04 13:20:00+00:00,NO_TRADE,4,0.0012158806807255561,0.7,0.3,0.0,bullish,signal=NO_TRADE
2024-01-04 14:20:00+00:00,NO_TRADE,-1,-0.00034316704751254367,0.45,0.55,0.0,bullish,signal=NO_TRADE
2024-01-04 15:20:00+00:00,NO_TRADE,4,0.0010361184840798066,0.65,0.35,0.0,bullish,signal=NO_TRADE
2024-01-04 16:20:00+00:00,NO_TRADE,4,0.0005100122382471816,0.6,0.4,0.0,bullish,signal=NO_TRADE
2024-01-04 17:20:00+00:00,NO_TRADE,-1,-7.725589214356843e-05,0.45,0.55,0.0,bullish,signal=NO_TRADE
2024-01-04 18:20:00+00:00,NO_TRADE,2,0.00029186912189689275,0.45,0.55,0.0,bullish,signal=NO_TRADE
2024-01-04 19:20:00+00:00,NO_TRADE,-3,-0.0009405113884200067,0.25,0.75,0.0,bullish,signal=NO_TRADE
2024-01-04 20:20:00+00:00,NO_TRADE,0,0.00027067788615375843,0.4,0.6,0.0,bullish,signal=NO_TRADE
2024-01-04 21:20:00+00:00,NO_TRADE,-1,-0.0002450912745740441,0.5,0.5,0.0,bullish,signal=NO_TRADE
2024-01-04 22:20:00+00:00,NO_TRADE,-1,-0.00018219670171394365,0.55,0.45,0.0,bullish,signal=NO_TRADE
2024-01-04 23:20:00+00:00,NO_TRADE,4,0.00028642717951821715,0.7,0.3,0.0,bullish,signal=NO_TRADE
2024-01-05 00:20:00+00:00,NO_TRADE,4,9.566473446290802e-05,0.6,0.4,0.0,bullish,signal=NO_TRADE
2024-01-05 01:20:00+00:00,NO_TRADE,4,0.001139982204625356,0.65,0.35,0.0,bullish,signal=NO_TRADE
2024-01-05 02:20:00+00:00,NO_TRADE,1,2.149374758804168e-05,0.45,0.55,0.0,bearish,signal=NO_TRADE
2024-01-05 03:20:00+00:00,NO_TRADE,-1,7.334339472208074e-05,0.4,0.6,0.0,bearish,signal=NO_TRADE
2024-01-05 04:20:00+00:00,NO_TRADE,1,0.000418917818322545,0.55,0.45,0.0,bearish,signal=NO_TRADE
2024-01-05 05:20:00+00:00,NO_TRADE,3,0.0013079057188730258,0.7,0.3,0.0,bearish,signal=NO_TRADE
2024-01-05 06:20:00+00:00,NO_TRADE,-4,-3.14019274044508e-05,0.4,0.6,0.0,bearish,signal=NO_TRADE
2024-01-05 07:20:00+00:00,NO_TRADE,-1,7.157245601087103e-05,0.35,0.65,0.0,bearish,signal=NO_TRADE
2024-01-05 08:20:00+00:00,NO_TRADE,3,0.00043990589910932186,0.65,0.35,0.0,bearish,signal=NO_TRADE
2024-01-05 09:20:00+00:00,NO_TRADE,-4,-0.00031565024260146735,0.35,0.65,0.0,bearish,signal=NO_TRADE
2024-01-05 10:20:00+00:00,NO_TRADE,4,0.0014263681864484068,0.7,0.3,0.0,bullish,signal=NO_TRADE
2024-01-05 11:20:00+00:00,NO_TRADE,-3,-0.0005849412571087509,0.3,0.7,0.0,bullish,signal=NO_TRADE
2024-01-05 12:20:00+00:00,NO_TRADE,-1,-0.0004602634673080364,0.45,0.55,0.0,bullish,signal=NO_TRADE
2024-01-05 13:20:00+00:00,NO_TRADE,3,0.0014848250419339849,0.75,0.25,0.0,bearish,signal=NO_TRADE
2024-01-05 14:20:00+00:00,NO_TRADE,-4,-0.0008494231422666199,0.35,0.65,0.0,bearish,signal=NO_TRADE
2024-01-05 15:20:00+00:00,NO_TRADE,-4,-0.000837982957790695,0.3,0.7,0.0,bearish,signal=NO_TRADE
2024-01-05 16:20:00+00:00,NO_TRADE,1,0.00034201789173589624,0.45,0.55,0.0,bearish,signal=NO_TRADE
2024-01-05 17:20:00+00:00,NO_TRADE,3,0.0004935566433175887,0.6,0.4,0.0,bearish,signal=NO_TRADE
2024-01-05 18:20:00+00:00,NO_TRADE,-1,0.00028413891811844837,0.4,0.6,0.0,bearish,signal=NO_TRADE
2024-01-05 19:20:00+00:00,NO_TRADE,2,0.0010215539808161756,0.5,0.5,0.0,bullish,signal=NO_TRADE
2024-01-05 20:20:00+00:00,NO_TRADE,4,0.00033641635722406746,0.65,0.35,0.0,bullish,signal=NO_TRADE
2024-01-05 21:20:00+00:00,NO_TRADE,3,0.0012235529796975342,0.7,0.3,0.0,bearish,signal=NO_TRADE
2024-01-05 22:20:00+00:00,NO_TRADE,-3,-0.0004430532416540789,0.4,0.6,0.0,bullish,signal=NO_TRADE
2024-01-05 23:20:00+00:00,NO_TRADE,2,0.00021261717856638774,0.55,0.45,0.0,bullish,signal=NO_TRADE
2024-01-06 00:20:00+00:00,NO_TRADE,6,0.0017506202814034587,0.75,0.25,0.0,bullish,signal=NO_TRADE
2024-01-06 01:20:00+00:00,NO_TRADE,-3,-0.001309745877054419,0.35,0.65,0.0,bullish,signal=NO_TRADE
2024-01-06 02:20:00+00:00,NO_TRADE,4,0.0014105632038993177,0.65,0.35,0.0,bullish,signal=NO_TRADE
2024-01-06 03:20:00+00:00,NO_TRADE,-3,-0.0010565901557938295,0.3,0.7,0.0,bullish,signal=NO_TRADE
2024-01-06 04:20:00+00:00,NO_TRADE,2,0.0004390378294988173,0.55,0.45,0.0,bullish,signal=NO_TRADE
2024-01-06 05:20:00+00:00,NO_TRADE,1,0.0005006733632432314,0.55,0.45,0.0,bearish,signal=NO_TRADE
2024-01-06 06:20:00+00:00,NO_TRADE,1,7.161534816261805e-05,0.55,0.45,0.0,bearish,signal=NO_TRADE
2024-01-06 07:20:00+00:00,LONG,5,0.001876258740716602,0.75,0.25,0.0,bearish,
2024-01-06 09:20:00+00:00,NO_TRADE,-2,-1.2125276957819508e-06,0.45,0.55,0.0,bearish,signal=NO_TRADE
2024-01-06 10:20:00+00:00,NO_TRADE,1,7.709815710706392e-05,0.55,0.45,0.0,bearish,signal=NO_TRADE
2024-01-06 11:20:00+00:00,NO_TRADE,-2,-0.0003402234158135176,0.5,0.5,0.0,bearish,signal=NO_TRADE
2024-01-06 12:20:00+00:00,NO_TRADE,3,0.0007792097599612302,0.6,0.4,0.0,bearish,signal=NO_TRADE
2024-01-06 13:20:00+00:00,NO_TRADE,3,0.0009803634618455125,0.6,0.4,0.0,bearish,signal=NO_TRADE
2024-01-06 14:20:00+00:00,NO_TRADE,-2,-0.00012151860266955139,0.55,0.45,0.0,bearish,signal=NO_TRADE
2024-01-06 15:20:00+00:00,NO_TRADE,1,0.0005814141545959939,0.5,0.5,0.0,bearish,signal=NO_TRADE
2024-01-06 16:20:00+00:00,NO_TRADE,1,0.0009949214609303702,0.55,0.45,0.0,bearish,signal=NO_TRADE
2024-01-06 17:20:00+00:00,NO_TRADE,-2,-7.207616895321122e-05,0.45,0.55,0.0,bearish,signal=NO_TRADE
2024-01-06 18:20:00+00:00,NO_TRADE,-4,-0.001074092238684926,0.4,0.6,0.0,bearish,signal=NO_TRADE
2024-01-06 19:20:00+00:00,NO_TRADE,-3,-0.00045284688217800406,0.35,0.65,0.0,bullish,signal=NO_TRADE
2024-01-06 20:20:00+00:00,NO_TRADE,2,0.00033369465635312847,0.55,0.45,0.0,bullish,signal=NO_TRADE
2024-01-06 21:20:00+00:00,NO_TRADE,3,0.0010284669490983112,0.65,0.35,0.0,bearish,signal=NO_TRADE
2024-01-06 22:20:00+00:00,NO_TRADE,1,0.00025019876423461594,0.55,0.45,0.0,bearish,signal=NO_TRADE
2024-01-06 23:20:00+00:00,NO_TRADE,-2,-0.00012337176957578078,0.5,0.5,0.0,bearish,signal=NO_TRADE
2024-01-07 00:20:00+00:00,NO_TRADE,3,0.0005371922213674607,0.7,0.3,0.0,bearish,signal=NO_TRADE
2024-01-07 01:20:00+00:00,NO_TRADE,1,0.0004802719528378796,0.55,0.45,0.0,bearish,signal=NO_TRADE
2024-01-07 02:20:00+00:00,NO_TRADE,-6,-0.0015531581703463915,0.25,0.75,0.0,bearish,signal=NO_TRADE
2024-01-07 03:20:00+00:00,NO_TRADE,1,0.0008554882193142488,0.55,0.45,0.0,bearish,signal=NO_TRADE
2024-01-07 04:20:00+00:00,NO_TRADE,-6,-0.0019919688672090986,0.05,0.95,0.0,bearish,signal=NO_TRADE
2024-01-07 05:20:00+00:00,NO_TRADE,-4,-0.0006731784969866983,0.35,0.65,0.0,bearish,signal=NO_TRADE
2024-01-07 06:20:00+00:00,NO_TRADE,1,0.0010794188932806924,0.55,0.45,0.0,bearish,signal=NO_TRADE
2024-01-07 07:20:00+00:00,NO_TRADE,-4,-0.00125294055852172,0.35,0.65,0.0,bearish,signal=NO_TRADE
2024-01-07 08:20:00+00:00,NO_TRADE,1,0.00016431710422681322,0.5,0.5,0.0,bearish,signal=NO_TRADE
2024-01-07 09:20:00+00:00,NO_TRADE,3,0.0006325225920813082,0.65,0.35,0.0,bearish,signal=NO_TRADE
2024-01-07 10:20:00+00:00,NO_TRADE,-4,-0.0006955560135010419,0.35,0.65,0.0,bearish,signal=NO_TRADE
2024-01-07 11:20:00+00:00,NO_TRADE,3,0.00030932022903106817,0.6,0.4,0.0,bearish,signal=NO_TRADE
2024-01-07 12:20:00+00:00,NO_TRADE,-2,-0.00016952474603754709,0.55,0.45,0.0,bearish,signal=NO_TRADE
2024-01-07 13:20:00+00:00,NO_TRADE,3,0.0002050272022004418,0.6,0.4,0.0,bearish,signal=NO_TRADE
2024-01-07 14:20:00+00:00,NO_TRADE,1,0.0005001617757836418,0.45,0.55,0.0,bearish,signal=NO_TRADE
2024-01-07 15:20:00+00:00,NO_TRADE,-2,-0.00013496116915524549,0.5,0.5,0.0,bearish,signal=NO_TRADE
2024-01-07 16:20:00+00:00,NO_TRADE,1,6.156135118292604e-05,0.5,0.5,0.0,bearish,signal=NO_TRADE
2024-01-07 17:20:00+00:00,NO_TRADE,-2,-0.0004799617412777124,0.45,0.55,0.0,bearish,signal=NO_TRADE
2024-01-07 18:20:00+00:00,NO_TRADE,1,0.00022536140324364018,0.55,0.45,0.0,bearish,signal=NO_TRADE
2024-01-07 19:20:00+00:00,NO_TRADE,1,0.0003031832977946292,0.55,0.45,0.0,bearish,signal=NO_TRADE
2024-01-07 20:20:00+00:00,NO_TRADE,3,0.0012620965804862217,0.65,0.35,0.0,bearish,signal=NO_TRADE
2024-01-07 21:20:00+00:00,NO_TRADE,-4,-0.0009089064060830044,0.25,0.75,0.0,bearish,signal=NO_TRADE
2024-01-07 22:20:00+00:00,NO_TRADE,3,0.00024750527197435755,0.65,0.35,0.0,bearish,signal=NO_TRADE
2024-01-07 23:20:00+00:00,NO_TRADE,1,0.000252727255804025,0.5,0.5,0.0,bearish,signal=NO_TRADE
2024-01-08 00:20:00+00:00,NO_TRADE,-2,-0.0001387299645301321,0.5,0.5,0.0,bearish,signal=NO_TRADE
2024-01-08 01:20:00+00:00,NO_TRADE,-3,-0.0005838822579510294,0.4,0.6,0.0,bullish,signal=NO_TRADE
2024-01-08 02:20:00+00:00,NO_TRADE,1,0.00011460994083579146,0.5,0.5,0.0,bearish,signal=NO_TRADE
2024-01-08 03:20:00+00:00,NO_TRADE,2,2.1127013739608012e-05,0.5,0.5,0.0,bullish,signal=NO_TRADE
2024-01-08 04:20:00+00:00,NO_TRADE,2,0.0004192321739610261,0.5,0.5,0.0,bullish,signal=NO_TRADE
2024-01-08 05:20:00+00:00,NO_TRADE,-2,-0.0009361159085921944,0.5,0.5,0.0,bearish,signal=NO_TRADE
2024-01-08 06:20:00+00:00,NO_TRADE,-4,-0.0008302589384308001,0.35,0.65,0.0,bearish,signal=NO_TRADE
2024-01-08 07:20:00+00:00,NO_TRADE,3,0.0006687286186949692,0.65,0.35,0.0,bearish,signal=NO_TRADE
2024-01-08 08:20:00+00:00,NO_TRADE,3,0.0008962520586098532,0.6,0.4,0.0,bearish,signal=NO_TRADE
2024-01-08 09:20:00+00:00,NO_TRADE,-2,-0.0002517592673935809,0.45,0.55,0.0,bearish,signal=NO_TRADE
2024-01-08 10:20:00+00:00,NO_TRADE,4,0.0011583162747618946,0.7,0.3,0.0,bullish,signal=NO_TRADE
2024-01-08 11:20:00+00:00,NO_TRADE,4,0.0011555418862741807,0.6,0.4,0.0,bullish,signal=NO_TRADE
2024-01-08 12:20:00+00:00,NO_TRADE,4,0.0008099375439761747,0.6,0.4,0.0,bullish,signal=NO_TRADE
2024-01-08 13:20:00+00:00,NO_TRADE,-1,-0.00027862135425983924,0.45,0.55,0.0,bullish,signal=NO_TRADE
2024-01-08 14:20:00+00:00,NO_TRADE,-1,-0.0002999641029571287,0.5,0.5,0.0,bullish,signal=NO_TRADE
2024-01-08 15:20:00+00:00,NO_TRADE,-1,-3.123250799024757e-05,0.55,0.45,0.0,bullish,signal=NO_TRADE
2024-01-08 16:20:00+00:00,NO_TRADE,-2,-0.000697565809448114,0.45,0.55,0.0,bearish,signal=NO_TRADE
2024-01-08 17:20:00+00:00,NO_TRADE,-2,-0.00027277703125452304,0.45,0.55,0.0,bearish,signal=NO_TRADE
2024-01-08 18:20:00+00:00,NO_TRADE,-2,-0.00017882150262210628,0.5,0.5,0.0,bearish,signal=NO_TRADE
2024-01-08 19:20:00+00:00,NO_TRADE,1,0.0005119891793153586,0.55,0.45,0.0,bearish,signal=NO_TRADE
2024-01-08 20:20:00+00:00,NO_TRADE,3,0.0010799146940401183,0.7,0.3,0.0,bearish,signal=NO_TRADE
2024-01-08 21:20:00+00:00,NO_TRADE,-4,-0.0010756037767404802,0.35,0.65,0.0,bearish,signal=NO_TRADE
2024-01-08 22:20:00+00:00,NO_TRADE,-2,-0.000553637277915775,0.45,0.55,0.0,bearish,signal=NO_TRADE
2024-01-08 23:20:00+00:00,NO_TRADE,-6,-0.0020126723133655432,0.2,0.8,0.0,bearish,signal=NO_TRADE
2024-01-09 00:20:00+00:00,NO_TRADE,-4,-0.0009290016999517259,0.3,0.7,0.0,bearish,signal=NO_TRADE
2024-01-09 01:20:00+00:00,NO_TRADE,2,5.167529334506038e-05,0.5,0.5,0.0,bullish,signal=NO_TRADE
2024-01-09 02:20:00+00:00,NO_TRADE,-1,-0.0002007834991405999,0.45,0.55,0.0,bullish,signal=NO_TRADE
2024-01-09 03:20:00+00:00,NO_TRADE,-3,-0.001259574199594593,0.35,0.65,0.0,bullish,signal=NO_TRADE
2024-01-09 04:20:00+00:00,NO_TRADE,-1,-0.0009024806209786851,0.5,0.5,0.0,bullish,signal=NO_TRADE
2024-01-09 05:20:00+00:00,NO_TRADE,-1,-0.000201161358446178,0.45,0.55,0.0,bullish,signal=NO_TRADE
2024-01-09 06:20:00+00:00,NO_TRADE,-1,-0.0004710478984317479,0.5,0.5,0.0,bullish,signal=NO_TRADE
2024-01-09 07:20:00+00:00,LONG,6,0.002065517438315301,0.75,0.25,0.0,bullish,
2024-01-09 08:20:00+00:00,NO_TRADE,1,3.311393313000788e-05,0.45,0.55,0.0,bearish,signal=NO_TRADE
2024-01-09 09:20:00+00:00,NO_TRADE,1,0.00066753441195474,0.55,0.45,0.0,bearish,signal=NO_TRADE
2024-01-09 10:20:00+00:00,NO_TRADE,3,0.0008469714108072512,0.6,0.4,0.0,bearish,signal=NO_TRADE
2024-01-09 11:20:00+00:00,NO_TRADE,-2,-0.00046593311606317743,0.45,0.55,0.0,bearish,signal=NO_TRADE
2024-01-09 12:20:00+00:00,NO_TRADE,-2,-0.0004359412119985362,0.5,0.5,0.0,bearish,signal=NO_TRADE
2024-01-09 13:20:00+00:00,NO_TRADE,3,0.0008775122640800603,0.65,0.35,0.0,bearish,signal=NO_TRADE
2024-01-09 14:20:00+00:00,LONG,5,0.0023238859964009374,0.85,0.15,0.0,bearish,
2024-01-09 15:20:00+00:00,NO_TRADE,-4,-0.0006240231368878968,0.4,0.6,0.0,bearish,signal=NO_TRADE
2024-01-09 16:20:00+00:00,NO_TRADE,-4,-0.0006862453488469866,0.3,0.7,0.0,bearish,signal=NO_TRADE
2024-01-09 17:20:00+00:00,NO_TRADE,1,-6.141320494682523e-05,0.65,0.35,0.0,bullish,signal=NO_TRADE
2024-01-09 18:20:00+00:00,NO_TRADE,4,0.0005066311482010477,0.6,0.4,0.0,bullish,signal=NO_TRADE
2024-01-09 19:20:00+00:00,NO_TRADE,4,0.0008412686923457314,0.65,0.35,0.0,bullish,signal=NO_TRADE
2024-01-09 20:20:00+00:00,NO_TRADE,6,0.003260884749564835,0.8,0.2,0.040805552698929715,bullish,signal=NO_TRADE
2024-01-09 21:20:00+00:00,NO_TRADE,-3,-0.001122764189654002,0.35,0.65,0.0,bullish,signal=NO_TRADE
2024-01-09 22:20:00+00:00,NO_TRADE,-3,-0.00028444878993887925,0.4,0.6,0.0,bullish,signal=NO_TRADE
2024-01-09 23:20:00+00:00,NO_TRADE,-3,-0.0011024804962663781,0.4,0.6,0.0,bullish,signal=NO_TRADE
2024-01-10 00:20:00+00:00,NO_TRADE,2,0.00019248515632322994,0.5,0.5,0.0,bullish,signal=NO_TRADE
2024-01-10 01:20:00+00:00,NO_TRADE,-3,-0.000478279235537854,0.4,0.6,0.0,bullish,signal=NO_TRADE
2024-01-10 02:20:00+00:00,NO_TRADE,-1,-0.00020817433065599688,0.5,0.5,0.0,bullish,signal=NO_TRADE
2024-01-10 03:20:00+00:00,NO_TRADE,4,0.00043054387382602253,0.6,0.4,0.0,bullish,signal=NO_TRADE
2024-01-10 04:20:00+00:00,NO_TRADE,-3,-0.0013732330512203294,0.25,0.75,0.0,bullish,signal=NO_TRADE
2024-01-10 05:20:00+00:00,NO_TRADE,1,-0.000170185519299626,0.6,0.4,0.0,bullish,signal=NO_TRADE
2024-01-10 06:20:00+00:00,NO_TRADE,2,0.0005733324808955886,0.5,0.5,0.0,bullish,signal=NO_TRADE
2024-01-10 07:20:00+00:00,NO_TRADE,-2,-0.00021622484977426026,0.5,0.5,0.0,bearish,signal=NO_TRADE
2024-01-10 08:20:00+00:00,NO_TRADE,2,0.00037940561142521534,0.55,0.45,0.0,bullish,signal=NO_TRADE
2024-01-10 09:20:00+00:00,NO_TRADE,3,0.00034562816269481655,0.6,0.4,0.0,bearish,signal=NO_TRADE
2024-01-10 10:20:00+00:00,NO_TRADE,3,0.0005060802039783763,0.65,0.35,0.0,bearish,signal=NO_TRADE
2024-01-10 11:20:00+00:00,NO_TRADE,-2,-0.0003379714826289348,0.5,0.5,0.0,bearish,signal=NO_TRADE
2024-01-10 12:20:00+00:00,NO_TRADE,-2,-3.952148729413629e-06,0.5,0.5,0.0,bearish,signal=NO_TRADE
2024-01-10 13:20:00+00:00,NO_TRADE,3,0.0009717088081620917,0.6,0.4,0.0,bearish,signal=NO_TRADE
2024-01-10 14:20:00+00:00,NO_TRADE,4,0.0006827600889446284,0.6,0.4,0.0,bullish,signal=NO_TRADE
2024-01-10 15:20:00+00:00,NO_TRADE,-3,-0.0008445557809833859,0.25,0.75,0.0,bullish,signal=NO_TRADE
2024-01-10 16:20:00+00:00,NO_TRADE,4,0.001131711821416015,0.7,0.3,0.0,bullish,signal=NO_TRADE
2024-01-10 17:20:00+00:00,NO_TRADE,-1,-0.0010200844905569272,0.45,0.55,0.0,bullish,signal=NO_TRADE
2024-01-10 18:20:00+00:00,NO_TRADE,4,0.00046347938549873844,0.6,0.4,0.0,bullish,signal=NO_TRADE
2024-01-10 19:20:00+00:00,NO_TRADE,4,0.00016826382966652064,0.6,0.4,0.0,bullish,signal=NO_TRADE
2024-01-10 20:20:00+00:00,NO_TRADE,-3,-0.0005173962674458133,0.4,0.6,0.0,bullish,signal=NO_TRADE
2024-01-10 21:20:00+00:00,NO_TRADE,2,0.00045203762606044195,0.55,0.45,0.0,bullish,signal=NO_TRADE
2024-01-10 22:20:00+00:00,NO_TRADE,4,0.0008952586239983629,0.6,0.4,0.0,bullish,signal=NO_TRADE
2024-01-10 23:20:00+00:00,NO_TRADE,2,1.0372909625350201e-05,0.45,0.55,0.0,bullish,signal=NO_TRADE
2024-01-11 00:20:00+00:00,NO_TRADE,-1,-2.4259464244036354e-05,0.55,0.45,0.0,bullish,signal=NO_TRADE
2024-01-11 01:20:00+00:00,NO_TRADE,-6,-0.001674362123715001,0.35,0.65,0.0,bearish,signal=NO_TRADE
2024-01-11 02:20:00+00:00,NO_TRADE,3,0.00048332205375633543,0.65,0.35,0.0,bearish,signal=NO_TRADE
2024-01-11 03:20:00+00:00,NO_TRADE,1,0.0008385904723462456,0.5,0.5,0.0,bearish,signal=NO_TRADE
2024-01-11 04:20:00+00:00,NO_TRADE,-4,-0.0008303677180597601,0.3,0.7,0.0,bearish,signal=NO_TRADE
2024-01-11 05:20:00+00:00,NO_TRADE,-4,-0.0005915199964292017,0.35,0.65,0.0,bearish,signal=NO_TRADE
2024-01-11 06:20:00+00:00,NO_TRADE,-2,-0.00017608884127063852,0.55,0.45,0.0,bearish,signal=NO_TRADE
2024-01-11 07:20:00+00:00,NO_TRADE,-4,-0.00046954966774321314,0.35,0.65,0.0,bearish,signal=NO_TRADE
2024-01-11 08:20:00+00:00,NO_TRADE,-2,-0.000549551311590929,0.5,0.5,0.0,bearish,signal=NO_TRADE
2024-01-11 09:20:00+00:00,NO_TRADE,-1,-0.00044743357222304934,0.45,0.55,0.0,bullish,signal=NO_TRADE
2024-01-11 10:20:00+00:00,NO_TRADE,-3,-0.0003511193919791988,0.3,0.7,0.0,bullish,signal=NO_TRADE
2024-01-11 11:20:00+00:00,NO_TRADE,-3,-0.0010330545927386414,0.35,0.65,0.0,bullish,signal=NO_TRADE
2024-01-11 12:20:00+00:00,NO_TRADE,2,0.00040375862987671594,0.55,0.45,0.0,bullish,signal=NO_TRADE
2024-01-11 13:20:00+00:00,NO_TRADE,-3,-0.0009921046355673923,0.4,0.6,0.0,bullish,signal=NO_TRADE
2024-01-11 14:20:00+00:00,NO_TRADE,-1,-9.482868734269622e-05,0.45,0.55,0.0,bullish,signal=NO_TRADE
2024-01-11 15:20:00+00:00,NO_TRADE,1,-0.0001401240588526531,0.6,0.4,0.0,bullish,signal=NO_TRADE
2024-01-11 16:20:00+00:00,NO_TRADE,4,0.0005277755156665731,0.6,0.4,0.0,bullish,signal=NO_TRADE
2024-01-11 17:20:00+00:00,NO_TRADE,-3,-0.0008962172404756441,0.35,0.65,0.0,bullish,signal=NO_TRADE
2024-01-11 18:20:00+00:00,NO_TRADE,1,0.0007464779520247877,0.5,0.5,0.0,bearish,signal=NO_TRADE
2024-01-11 19:20:00+00:00,NO_TRADE,-5,-0.002227073124411372,0.25,0.75,0.0,bullish,signal=NO_TRADE
2024-01-11 20:20:00+00:00,NO_TRADE,-1,-0.0004514951314137761,0.45,0.55,0.0,bullish,signal=NO_TRADE
2024-01-11 21:20:00+00:00,NO_TRADE,-3,-0.0008127871920730944,0.4,0.6,0.0,bullish,signal=NO_TRADE
2024-01-11 22:20:00+00:00,NO_TRADE,-3,-0.000750749800485656,0.25,0.75,0.0,bullish,signal=NO_TRADE
2024-01-11 23:20:00+00:00,NO_TRADE,2,0.0005479411362297737,0.55,0.45,0.0,bullish,signal=NO_TRADE
2024-01-12 00:20:00+00:00,NO_TRADE,-3,-0.0013478216398862043,0.3,0.7,0.0,bullish,signal=NO_TRADE
2024-01-12 01:20:00+00:00,NO_TRADE,-1,-0.0002492225230987299,0.5,0.5,0.0,bullish,signal=NO_TRADE
2024-01-12 02:20:00+00:00,NO_TRADE,6,0.0015430284983836695,0.75,0.25,0.0,bullish,signal=NO_TRADE
2024-01-12 03:20:00+00:00,NO_TRADE,-4,-0.0014916365926247398,0.35,0.65,0.0,bearish,signal=NO_TRADE
2024-01-12 04:20:00+00:00,NO_TRADE,-4,-0.0012140779757486176,0.25,0.75,0.0,bearish,signal=NO_TRADE
2024-01-12 05:20:00+00:00,NO_TRADE,3,0.00013718483601569688,0.6,0.4,0.0,bearish,signal=NO_TRADE
2024-01-12 06:20:00+00:00,NO_TRADE,-2,-0.00010446693394798867,0.55,0.45,0.0,bearish,signal=NO_TRADE
2024-01-12 07:20:00+00:00,LONG,6,0.0017668428537204073,0.6,0.4,0.0,bullish,
2024-01-12 09:20:00+00:00,NO_TRADE,4,0.00018472434230204504,0.6,0.4,0.0,bullish,signal=NO_TRADE
2024-01-12 10:20:00+00:00,NO_TRADE,3,0.0006206841010375441,0.65,0.35,0.0,bearish,signal=NO_TRADE
2024-01-12 11:20:00+00:00,NO_TRADE,-4,-0.0012274734404695842,0.4,0.6,0.0,bearish,signal=NO_TRADE
2024-01-12 12:20:00+00:00,NO_TRADE,4,0.0005791455656687817,0.65,0.35,0.0,bullish,signal=NO_TRADE
2024-01-12 13:20:00+00:00,NO_TRADE,4,0.0007350858663987935,0.6,0.4,0.0,bullish,signal=NO_TRADE
2024-01-12 14:20:00+00:00,NO_TRADE,2,0.00024768117327124694,0.55,0.45,0.0,bullish,signal=NO_TRADE
2024-01-12 15:20:00+00:00,NO_TRADE,-3,-0.0012509560578651325,0.3,0.7,0.0,bullish,signal=NO_TRADE
2024-01-12 16:20:00+00:00,NO_TRADE,2,0.0003859783074302292,0.5,0.5,0.0,bullish,signal=NO_TRADE
2024-01-12 17:20:00+00:00,NO_TRADE,1,4.6290791836106625e-05,0.55,0.45,0.0,bearish,signal=NO_TRADE
2024-01-12 18:20:00+00:00,NO_TRADE,-1,0.0005417867720244774,0.4,0.6,0.0,bearish,signal=NO_TRADE
2024-01-12 19:20:00+00:00,NO_TRADE,1,0.000597987699967717,0.5,0.5,0.0,bearish,signal=NO_TRADE
2024-01-12 20:20:00+00:00,NO_TRADE,1,0.00041856974197197473,0.5,0.5,0.0,bearish,signal=NO_TRADE
2024-01-12 21:20:00+00:00,NO_TRADE,-4,-0.0007791705579435649,0.35,0.65,0.0,bearish,signal=NO_TRADE
2024-01-12 22:20:00+00:00,NO_TRADE,1,0.0002084753372316839,0.5,0.5,0.0,bearish,signal=NO_TRADE
2024-01-12 23:20:00+00:00,NO_TRADE,-3,-0.0007314331554068576,0.35,0.65,0.0,bullish,signal=NO_TRADE
2024-01-13 00:20:00+00:00,NO_TRADE,4,0.0008482829359445887,0.65,0.35,0.0,bullish,signal=NO_TRADE
2024-01-13 01:20:00+00:00,NO_TRADE,-1,-0.0008535035736539909,0.5,0.5,0.0,bullish,signal=NO_TRADE
2024-01-13 02:20:00+00:00,NO_TRADE,-3,-0.0014581852841406395,0.3,0.7,0.0,bullish,signal=NO_TRADE
2024-01-13 03:20:00+00:00,NO_TRADE,4,0.0008176865857622729,0.7,0.3,0.0,bullish,signal=NO_TRADE
2024-01-13 04:20:00+00:00,NO_TRADE,-1,-0.00042408415710560866,0.55,0.45,0.0,bullish,signal=NO_TRADE
2024-01-13 05:20:00+00:00,NO_TRADE,4,0.0008177522746740607,0.65,0.35,0.0,bullish,signal=NO_TRADE
2024-01-13 06:20:00+00:00,NO_TRADE,-1,-0.000490758579642836,0.45,0.55,0.0,bullish,signal=NO_TRADE
2024-01-13 07:20:00+00:00,LONG,6,0.0015223819774144386,0.65,0.35,0.0,bullish,
2024-01-13 09:20:00+00:00,NO_TRADE,-3,-2.9100971674006493e-05,0.4,0.6,0.0,bullish,signal=NO_TRADE
2024-01-13 10:20:00+00:00,NO_TRADE,1,-3.606388970331942e-05,0.65,0.35,0.0,bullish,signal=NO_TRADE
2024-01-13 11:20:00+00:00,NO_TRADE,-3,-0.0013354501913872053,0.25,0.75,0.0,bullish,signal=NO_TRADE
2024-01-13 12:20:00+00:00,NO_TRADE,-1,-8.327329041220577e-05,0.5,0.5,0.0,bullish,signal=NO_TRADE
2024-01-13 13:20:00+00:00,NO_TRADE,-3,-0.0011606067066480485,0.3,0.7,0.0,bullish,signal=NO_TRADE
2024-01-13 14:20:00+00:00,NO_TRADE,-1,-0.0011332723146881218,0.45,0.55,0.0,bullish,signal=NO_TRADE
2024-01-13 15:20:00+00:00,NO_TRADE,2,0.0003885355786935274,0.55,0.45,0.0,bullish,signal=NO_TRADE
2024-01-13 16:20:00+00:00,NO_TRADE,4,0.0004114087726275195,0.6,0.4,0.0,bullish,signal=NO_TRADE
2024-01-13 17:20:00+00:00,NO_TRADE,-1,-0.0006492547438848084,0.45,0.55,0.0,bullish,signal=NO_TRADE
2024-01-13 18:20:00+00:00,NO_TRADE,4,0.0009151040475457006,0.65,0.35,0.0,bullish,signal=NO_TRADE
2024-01-13 19:20:00+00:00,NO_TRADE,-2,-0.000381381838553041,0.45,0.55,0.0,bearish,signal=NO_TRADE
2024-01-13 20:20:00+00:00,NO_TRADE,1,0.000541789231545664,0.5,0.5,0.0,bearish,signal=NO_TRADE
2024-01-13 21:20:00+00:00,NO_TRADE,-4,-0.000665432306613617,0.35,0.65,0.0,bearish,signal=NO_TRADE
2024-01-13 22:20:00+00:00,NO_TRADE,-4,-0.0010147286070591622,0.35,0.65,0.0,bearish,signal=NO_TRADE
2024-01-13 23:20:00+00:00,NO_TRADE,3,0.0008515979586899647,0.7,0.3,0.0,bearish,signal=NO_TRADE
2024-01-14 00:20:00+00:00,NO_TRADE,4,0.0002480062420434692,0.7,0.3,0.0,bullish,signal=NO_TRADE
2024-01-14 01:20:00+00:00,NO_TRADE,-2,-0.0004029012014642397,0.45,0.55,0.0,bearish,signal=NO_TRADE
2024-01-14 02:20:00+00:00,NO_TRADE,-2,-0.00019932559309257525,0.5,0.5,0.0,bearish,signal=NO_TRADE
2024-01-14 03:20:00+00:00,NO_TRADE,2,4.892634441386878e-05,0.45,0.55,0.0,bullish,signal=NO_TRADE
2024-01-14 04:20:00+00:00,NO_TRADE,-4,-0.0005857335836176702,0.35,0.65,0.0,bearish,signal=NO_TRADE
2024-01-14 05:20:00+00:00,NO_TRADE,3,0.0001525229156956631,0.6,0.4,0.0,bearish,signal=NO_TRADE
2024-01-14 06:20:00+00:00,NO_TRADE,-4,-0.000986045419261905,0.4,0.6,0.0,bearish,signal=NO_TRADE
2024-01-14 07:20:00+00:00,NO_TRADE,3,0.0006909568297778834,0.65,0.35,0.0,bearish,signal=NO_TRADE
2024-01-14 08:20:00+00:00,NO_TRADE,-2,-0.0003216013234544013,0.55,0.45,0.0,bearish,signal=NO_TRADE
2024-01-14 09:20:00+00:00,NO_TRADE,1,0.0014264742462561154,0.55,0.45,0.0,bearish,signal=NO_TRADE
2024-01-14 10:20:00+00:00,NO_TRADE,1,0.0002406550514642558,0.55,0.45,0.0,bearish,signal=NO_TRADE
2024-01-14 11:20:00+00:00,NO_TRADE,1,6.438855808563738e-05,0.5,0.5,0.0,bearish,signal=NO_TRADE
2024-01-14 12:20:00+00:00,NO_TRADE,3,0.000881080633836534,0.6,0.4,0.0,bearish,signal=NO_TRADE
2024-01-14 13:20:00+00:00,NO_TRADE,1,0.00021772750268951867,0.5,0.5,0.0,bearish,signal=NO_TRADE
2024-01-14 14:20:00+00:00,NO_TRADE,3,0.0002299269216174682,0.65,0.35,0.0,bearish,signal=NO_TRADE
2024-01-14 15:20:00+00:00,NO_TRADE,3,0.00024849842224677345,0.6,0.4,0.0,bearish,signal=NO_TRADE
2024-01-14 16:20:00+00:00,NO_TRADE,1,0.0001560445214303263,0.5,0.5,0.0,bearish,signal=NO_TRADE
2024-01-14 17:20:00+00:00,NO_TRADE,-4,-0.0006199981468463956,0.4,0.6,0.0,bearish,signal=NO_TRADE
2024-01-14 18:20:00+00:00,NO_TRADE,3,0.0013874156067201992,0.7,0.3,0.0,bearish,signal=NO_TRADE
2024-01-14 19:20:00+00:00,NO_TRADE,3,3.9177218020830516e-05,0.6,0.4,0.0,bearish,signal=NO_TRADE
2024-01-14 20:20:00+00:00,NO_TRADE,1,8.53428929754041e-05,0.5,0.5,0.0,bearish,signal=NO_TRADE
2024-01-14 21:20:00+00:00,NO_TRADE,-4,-0.0008338137241736543,0.3,0.7,0.0,bearish,signal=NO_TRADE
2024-01-14 22:20:00+00:00,NO_TRADE,-2,-0.0006269071683660532,0.45,0.55,0.0,bearish,signal=NO_TRADE
2024-01-14 23:20:00+00:00,NO_TRADE,-1,-0.0006819589208322374,0.5,0.5,0.0,bullish,signal=NO_TRADE
2024-01-15 00:20:00+00:00,NO_TRADE,-5,-0.002560940598619632,0.15,0.85,0.013163946701905349,bullish,signal=NO_TRADE
2024-01-15 01:20:00+00:00,NO_TRADE,2,0.00022328291127206578,0.55,0.45,0.0,bullish,signal=NO_TRADE
2024-01-15 02:20:00+00:00,NO_TRADE,4,0.0008942678330648324,0.65,0.35,0.0,bullish,signal=NO_TRADE
2024-01-15 03:20:00+00:00,NO_TRADE,4,0.0008810854841636573,0.7,0.3,0.0,bullish,signal=NO_TRADE
2024-01-15 04:20:00+00:00,NO_TRADE,-4,-0.0007189720968496294,0.4,0.6,0.0,bearish,signal=NO_TRADE
2024-01-15 05:20:00+00:00,NO_TRADE,-2,-0.0006926970393502374,0.5,0.5,0.0,bearish,signal=NO_TRADE
2024-01-15 06:20:00+00:00,NO_TRADE,-4,-0.0006651229475485299,0.4,0.6,0.0,bearish,signal=NO_TRADE
2024-01-15 07:20:00+00:00,NO_TRADE,-1,-0.0003204226571193458,0.55,0.45,0.0,bullish,signal=NO_TRADE
2024-01-15 08:20:00+00:00,NO_TRADE,-3,-0.0008463286897805566,0.35,0.65,0.0,bullish,signal=NO_TRADE
2024-01-15 09:20:00+00:00,NO_TRADE,-1,-0.00040451576689178314,0.45,0.55,0.0,bullish,signal=NO_TRADE
2024-01-15 10:20:00+00:00,NO_TRADE,2,0.0003643944036449742,0.55,0.45,0.0,bullish,signal=NO_TRADE
2024-01-15 11:20:00+00:00,NO_TRADE,-3,-0.0009331031118040512,0.35,0.65,0.0,bullish,signal=NO_TRADE
2024-01-15 12:20:00+00:00,NO_TRADE,-3,-0.0012970292435094844,0.25,0.75,0.0,bullish,signal=NO_TRADE
2024-01-15 13:20:00+00:00,NO_TRADE,-1,-0.0009190234412099652,0.45,0.55,0.0,bullish,signal=NO_TRADE
2024-01-15 14:20:00+00:00,NO_TRADE,-5,-0.0016492511624781269,0.25,0.75,0.0,bullish,signal=NO_TRADE
2024-01-15 15:20:00+00:00,NO_TRADE,-1,-0.00035748285312653947,0.45,0.55,0.0,bullish,signal=NO_TRADE
2024-01-15 16:20:00+00:00,NO_TRADE,2,0.00018572977428551462,0.5,0.5,0.0,bullish,signal=NO_TRADE
2024-01-15 17:20:00+00:00,NO_TRADE,-1,-0.0007695728702011185,0.5,0.5,0.0,bullish,signal=NO_TRADE
2024-01-15 18:20:00+00:00,NO_TRADE,-3,-0.0006301585641864116,0.35,0.65,0.0,bullish,signal=NO_TRADE
2024-01-15 19:20:00+00:00,NO_TRADE,4,0.0012846456642598536,0.7,0.3,0.0,bullish,signal=NO_TRADE
2024-01-15 20:20:00+00:00,NO_TRADE,-1,-0.00022226206467597652,0.45,0.55,0.0,bullish,signal=NO_TRADE
2024-01-15 21:20:00+00:00,NO_TRADE,-1,-0.00025788655486616574,0.5,0.5,0.0,bullish,signal=NO_TRADE
2024-01-15 22:20:00+00:00,NO_TRADE,4,2.8468173206402934e-05,0.65,0.35,0.0,bullish,signal=NO_TRADE
2024-01-15 23:20:00+00:00,NO_TRADE,4,0.0007044951794052678,0.65,0.35,0.0,bullish,signal=NO_TRADE
2024-01-16 00:20:00+00:00,NO_TRADE,4,0.000263168799835678,0.6,0.4,0.0,bullish,signal=NO_TRADE
2024-01-16 01:20:00+00:00,NO_TRADE,-3,-0.0010497274997304795,0.4,0.6,0.0,bullish,signal=NO_TRADE
2024-01-16 02:20:00+00:00,NO_TRADE,-1,-0.0003481496507794724,0.45,0.55,0.0,bullish,signal=NO_TRADE
2024-01-16 03:20:00+00:00,NO_TRADE,1,0.000551978303771472,0.55,0.45,0.0,bearish,signal=NO_TRADE
2024-01-16 04:20:00+00:00,NO_TRADE,1,9.397159840308644e-05,0.5,0.5,0.0,bearish,signal=NO_TRADE
2024-01-16 05:20:00+00:00,NO_TRADE,3,0.00015343331360042066,0.6,0.4,0.0,bearish,signal=NO_TRADE
2024-01-16 06:20:00+00:00,NO_TRADE,1,0.0003111771943192287,0.55,0.45,0.0,bearish,signal=NO_TRADE
2024-01-16 07:20:00+00:00,NO_TRADE,-2,-0.0009363589463631139,0.45,0.55,0.0,bearish,signal=NO_TRADE
2024-01-16 08:20:00+00:00,NO_TRADE,-4,-0.0010997024531800626,0.3,0.7,0.0,bearish,signal=NO_TRADE
2024-01-16 09:20:00+00:00,NO_TRADE,1,3.033693467611731e-05,0.45,0.55,0.0,bearish,signal=NO_TRADE
2024-01-16 10:20:00+00:00,NO_TRADE,-2,-4.271787334723664e-05,0.5,0.5,0.0,bearish,signal=NO_TRADE
2024-01-16 11:20:00+00:00,NO_TRADE,1,0.0007799196643573203,0.5,0.5,0.0,bearish,signal=NO_TRADE
2024-01-16 12:20:00+00:00,NO_TRADE,-4,-0.00137876562107625,0.3,0.7,0.0,bearish,signal=NO_TRADE
2024-01-16 13:20:00+00:00,NO_TRADE,-2,-0.0004161525539891353,0.5,0.5,0.0,bearish,signal=NO_TRADE
2024-01-16 14:20:00+00:00,NO_TRADE,-3,-0.00031486085099663994,0.4,0.6,0.0,bullish,signal=NO_TRADE
2024-01-16 15:20:00+00:00,NO_TRADE,2,0.0008194626598900578,0.55,0.45,0.0,bullish,signal=NO_TRADE
2024-01-16 16:20:00+00:00,NO_TRADE,-2,-0.0001786791172133817,0.55,0.45,0.0,bearish,signal=NO_TRADE
2024-01-16 17:20:00+00:00,NO_TRADE,1,0.00046519964310814954,0.55,0.45,0.0,bearish,signal=NO_TRADE
2024-01-16 18:20:00+00:00,NO_TRADE,-2,-0.0001349554504680883,0.45,0.55,0.0,bearish,signal=NO_TRADE
2024-01-16 19:20:00+00:00,NO_TRADE,3,0.0011591932598276455,0.6,0.4,0.0,bearish,signal=NO_TRADE
2024-01-16 20:20:00+00:00,NO_TRADE,-4,-5.734027058476587e-05,0.35,0.65,0.0,bearish,signal=NO_TRADE
2024-01-16 21:20:00+00:00,NO_TRADE,3,0.0012045673517383725,0.65,0.35,0.0,bearish,signal=NO_TRADE
2024-01-16 22:20:00+00:00,NO_TRADE,3,0.0012633483892108498,0.7,0.3,0.0,bearish,signal=NO_TRADE
2024-01-16 23:20:00+00:00,NO_TRADE,-3,-0.0007406031315418338,0.4,0.6,0.0,bullish,signal=NO_TRADE
2024-01-17 00:20:00+00:00,NO_TRADE,-3,-0.0007725644274837074,0.4,0.6,0.0,bullish,signal=NO_TRADE
2024-01-17 01:20:00+00:00,NO_TRADE,-5,-0.0015199688771760367,0.25,0.75,0.0,bullish,signal=NO_TRADE
2024-01-17 02:20:00+00:00,NO_TRADE,6,0.0022350279575564292,0.7,0.3,0.0,bullish,signal=NO_TRADE
2024-01-17 03:20:00+00:00,NO_TRADE,3,0.0011803104913877926,0.6,0.4,0.0,bearish,signal=NO_TRADE
2024-01-17 04:20:00+00:00,NO_TRADE,3,0.0012147906943870967,0.7,0.3,0.0,bearish,signal=NO_TRADE
2024-01-17 05:20:00+00:00,NO_TRADE,-2,-0.0002951372208911063,0.55,0.45,0.0,bearish,signal=NO_TRADE
2024-01-17 06:20:00+00:00,NO_TRADE,-2,-0.00046823626521025894,0.55,0.45,0.0,bearish,signal=NO_TRADE
2024-01-17 07:20:00+00:00,NO_TRADE,-4,-0.0006532411773503499,0.4,0.6,0.0,bearish,signal=NO_TRADE
2024-01-17 08:20:00+00:00,NO_TRADE,3,0.0011365343507455327,0.7,0.3,0.0,bearish,signal=NO_TRADE
2024-01-17 09:20:00+00:00,NO_TRADE,1,0.0006418491112638203,0.55,0.45,0.0,bearish,signal=NO_TRADE
2024-01-17 10:20:00+00:00,NO_TRADE,-2,-6.520964651590688e-06,0.45,0.55,0.0,bearish,signal=NO_TRADE
2024-01-17 11:20:00+00:00,NO_TRADE,3,0.0007744214405144168,0.7,0.3,0.0,bearish,signal=NO_TRADE
2024-01-17 12:20:00+00:00,NO_TRADE,-2,-0.0007318484566000094,0.5,0.5,0.0,bearish,signal=NO_TRADE
2024-01-17 13:20:00+00:00,LONG,5,0.0026323821081408348,0.8,0.2,0.0,bearish,
2024-01-17 14:20:00+00:00,LONG,5,0.0015330529396925141,0.85,0.15,0.0,bearish,
2024-01-17 15:20:00+00:00,NO_TRADE,-2,-6.595777525401636e-05,0.55,0.45,0.0,bearish,signal=NO_TRADE
2024-01-17 16:20:00+00:00,NO_TRADE,-2,-0.0001587436754748095,0.45,0.55,0.0,bearish,signal=NO_TRADE
2024-01-17 17:20:00+00:00,NO_TRADE,-2,-0.0008524922317589446,0.5,0.5,0.0,bearish,signal=NO_TRADE
2024-01-17 18:20:00+00:00,NO_TRADE,-2,-0.0003846736781901616,0.45,0.55,0.0,bearish,signal=NO_TRADE
2024-01-17 19:20:00+00:00,NO_TRADE,-2,-0.00012740632190501587,0.5,0.5,0.0,bearish,signal=NO_TRADE
2024-01-17 20:20:00+00:00,NO_TRADE,-4,-0.0010707097698125889,0.3,0.7,0.0,bearish,signal=NO_TRADE
2024-01-17 21:20:00+00:00,NO_TRADE,3,0.0005396040091324939,0.6,0.4,0.0,bearish,signal=NO_TRADE
2024-01-17 22:20:00+00:00,NO_TRADE,-4,-0.0009411361817456443,0.3,0.7,0.0,bearish,signal=NO_TRADE
2024-01-17 23:20:00+00:00,NO_TRADE,5,0.0015931370913846222,0.7,0.3,0.0,bearish,signal=NO_TRADE
2024-01-18 00:20:00+00:00,NO_TRADE,5,0.0016360150999719825,0.6,0.4,0.0,bearish,signal=NO_TRADE
2024-01-18 01:20:00+00:00,NO_TRADE,1,0.0001233801228579079,0.55,0.45,0.0,bearish,signal=NO_TRADE
2024-01-18 02:20:00+00:00,NO_TRADE,5,0.001787883111395283,0.65,0.35,0.0,bearish,signal=NO_TRADE
2024-01-18 03:20:00+00:00,NO_TRADE,2,5.044801516967401e-05,0.5,0.5,0.0,bullish,signal=NO_TRADE
2024-01-18 04:20:00+00:00,NO_TRADE,4,0.00032778447822709444,0.6,0.4,0.0,bullish,signal=NO_TRADE
2024-01-18 05:20:00+00:00,NO_TRADE,-3,-0.0002199994016932716,0.4,0.6,0.0,bullish,signal=NO_TRADE
2024-01-18 06:20:00+00:00,NO_TRADE,4,0.0008645616125051659,0.6,0.4,0.0,bullish,signal=NO_TRADE
